{"mean":{"confidence_interval":{"confidence_level":0.95,"lower_bound":-0.012327055881997905,"upper_bound":-0.0029885207984311143},"point_estimate":-0.007605121813860194,"standard_error":0.0023875000865110053},"median":{"confidence_interval":{"confidence_level":0.95,"lower_bound":-0.009666442380017348,"upper_bound":0.0013621430354184838},"point_estimate":-0.0034772367616596744,"standard_error":0.0029047774599516374}}