{"mean":{"confidence_interval":{"confidence_level":0.95,"lower_bound":79458504.9245,"upper_bound":79825060.50575},"point_estimate":79640074.5,"standard_error":93325.26251372397},"median":{"confidence_interval":{"confidence_level":0.95,"lower_bound":79379251.0,"upper_bound":79839381.0},"point_estimate":79635576.0,"standard_error":130228.94935605871},"median_abs_dev":{"confidence_interval":{"confidence_level":0.95,"lower_bound":700633.9004212619,"upper_bound":1133071.0994839668},"point_estimate":917103.7265181541,"standard_error":109491.56719914556},"slope":null,"std_dev":{"confidence_interval":{"confidence_level":0.95,"lower_bound":814547.6248988401,"upper_bound":1082839.740942276},"point_estimate":954363.3404498075,"standard_error":68477.28906283835}}