{"mean":{"confidence_interval":{"confidence_level":0.95,"lower_bound":115526302.22,"upper_bound":117643341.55},"point_estimate":116517905.8,"standard_error":538450.0161090749},"median":{"confidence_interval":{"confidence_level":0.95,"lower_bound":114071268.5,"upper_bound":115034248.0},"point_estimate":114429994.0,"standard_error":217378.97889025544},"median_abs_dev":{"confidence_interval":{"confidence_level":0.95,"lower_bound":1340882.6899945736,"upper_bound":2441787.3004496098},"point_estimate":1874776.5774160624,"standard_error":277306.6797227405},"slope":null,"std_dev":{"confidence_interval":{"confidence_level":0.95,"lower_bound":3798022.3907470605,"upper_bound":6856371.822353},"point_estimate":5436384.905240081,"standard_error":780844.1359918015}}